[{"name":"custom_theme","qualifiedName":"custom_theme","href":"utils_custom_theme/utils_custom_theme-library.html","type":"library","overriddenDepth":0,"packageName":"androidproject"},{"name":"customDarkTheme","qualifiedName":"custom_theme.customDarkTheme","href":"utils_custom_theme/customDarkTheme.html","type":"function","overriddenDepth":0,"packageName":"androidproject","enclosedBy":{"name":"custom_theme","type":"library"}},{"name":"customLightTheme","qualifiedName":"custom_theme.customLightTheme","href":"utils_custom_theme/customLightTheme.html","type":"function","overriddenDepth":0,"packageName":"androidproject","enclosedBy":{"name":"custom_theme","type":"library"}},{"name":"generated_plugin_registrant","qualifiedName":"generated_plugin_registrant","href":"generated_plugin_registrant/generated_plugin_registrant-library.html","type":"library","overriddenDepth":0,"packageName":"androidproject"},{"name":"registerPlugins","qualifiedName":"generated_plugin_registrant.registerPlugins","href":"generated_plugin_registrant/registerPlugins.html","type":"function","overriddenDepth":0,"packageName":"androidproject","enclosedBy":{"name":"generated_plugin_registrant","type":"library"}},{"name":"home_page","qualifiedName":"home_page","href":"screens_home_page/screens_home_page-library.html","type":"library","overriddenDepth":0,"packageName":"androidproject"},{"name":"HomePage","qualifiedName":"home_page.HomePage","href":"screens_home_page/HomePage-class.html","type":"class","overriddenDepth":0,"packageName":"androidproject","enclosedBy":{"name":"home_page","type":"library"}},{"name":"HomePage","qualifiedName":"home_page.HomePage.HomePage","href":"screens_home_page/HomePage/HomePage.html","type":"constructor","overriddenDepth":0,"packageName":"androidproject","enclosedBy":{"name":"HomePage","type":"class"}},{"name":"createState","qualifiedName":"home_page.HomePage.createState","href":"screens_home_page/HomePage/createState.html","type":"method","overriddenDepth":1,"packageName":"androidproject","enclosedBy":{"name":"HomePage","type":"class"}},{"name":"main","qualifiedName":"main","href":"main/main-library.html","type":"library","overriddenDepth":0,"packageName":"androidproject"},{"name":"MyApp","qualifiedName":"main.MyApp","href":"main/MyApp-class.html","type":"class","overriddenDepth":0,"packageName":"androidproject","enclosedBy":{"name":"main","type":"library"}},{"name":"MyApp","qualifiedName":"main.MyApp.MyApp","href":"main/MyApp/MyApp.html","type":"constructor","overriddenDepth":0,"packageName":"androidproject","enclosedBy":{"name":"MyApp","type":"class"}},{"name":"build","qualifiedName":"main.MyApp.build","href":"main/MyApp/build.html","type":"method","overriddenDepth":1,"packageName":"androidproject","enclosedBy":{"name":"MyApp","type":"class"}},{"name":"main","qualifiedName":"main.main","href":"main/main.html","type":"function","overriddenDepth":0,"packageName":"androidproject","enclosedBy":{"name":"main","type":"library"}},{"name":"server_list_page","qualifiedName":"server_list_page","href":"screens_server_list_page/screens_server_list_page-library.html","type":"library","overriddenDepth":0,"packageName":"androidproject"},{"name":"ServerListPage","qualifiedName":"server_list_page.ServerListPage","href":"screens_server_list_page/ServerListPage-class.html","type":"class","overriddenDepth":0,"packageName":"androidproject","enclosedBy":{"name":"server_list_page","type":"library"}},{"name":"ServerListPage","qualifiedName":"server_list_page.ServerListPage.ServerListPage","href":"screens_server_list_page/ServerListPage/ServerListPage.html","type":"constructor","overriddenDepth":0,"packageName":"androidproject","enclosedBy":{"name":"ServerListPage","type":"class"}},{"name":"createState","qualifiedName":"server_list_page.ServerListPage.createState","href":"screens_server_list_page/ServerListPage/createState.html","type":"method","overriddenDepth":1,"packageName":"androidproject","enclosedBy":{"name":"ServerListPage","type":"class"}},{"name":"server_list_widget","qualifiedName":"server_list_widget","href":"screens_shared_widgets_server_list_widget/screens_shared_widgets_server_list_widget-library.html","type":"library","overriddenDepth":0,"packageName":"androidproject"},{"name":"ServerItemWidget","qualifiedName":"server_list_widget.ServerItemWidget","href":"screens_shared_widgets_server_list_widget/ServerItemWidget-class.html","type":"class","overriddenDepth":0,"packageName":"androidproject","enclosedBy":{"name":"server_list_widget","type":"library"}},{"name":"ServerItemWidget","qualifiedName":"server_list_widget.ServerItemWidget.ServerItemWidget","href":"screens_shared_widgets_server_list_widget/ServerItemWidget/ServerItemWidget.html","type":"constructor","overriddenDepth":0,"packageName":"androidproject","enclosedBy":{"name":"ServerItemWidget","type":"class"}},{"name":"build","qualifiedName":"server_list_widget.ServerItemWidget.build","href":"screens_shared_widgets_server_list_widget/ServerItemWidget/build.html","type":"method","overriddenDepth":1,"packageName":"androidproject","enclosedBy":{"name":"ServerItemWidget","type":"class"}},{"name":"isFaded","qualifiedName":"server_list_widget.ServerItemWidget.isFaded","href":"screens_shared_widgets_server_list_widget/ServerItemWidget/isFaded.html","type":"property","overriddenDepth":0,"packageName":"androidproject","enclosedBy":{"name":"ServerItemWidget","type":"class"}},{"name":"label","qualifiedName":"server_list_widget.ServerItemWidget.label","href":"screens_shared_widgets_server_list_widget/ServerItemWidget/label.html","type":"property","overriddenDepth":0,"packageName":"androidproject","enclosedBy":{"name":"ServerItemWidget","type":"class"}},{"name":"onTap","qualifiedName":"server_list_widget.ServerItemWidget.onTap","href":"screens_shared_widgets_server_list_widget/ServerItemWidget/onTap.html","type":"property","overriddenDepth":0,"packageName":"androidproject","enclosedBy":{"name":"ServerItemWidget","type":"class"}},{"name":"speedtest","qualifiedName":"speedtest","href":"screens_speedtest/screens_speedtest-library.html","type":"library","overriddenDepth":0,"packageName":"androidproject"},{"name":"speedtest","qualifiedName":"speedtest.speedtest","href":"screens_speedtest/speedtest-class.html","type":"class","overriddenDepth":0,"packageName":"androidproject","enclosedBy":{"name":"speedtest","type":"library"}},{"name":"createState","qualifiedName":"speedtest.speedtest.createState","href":"screens_speedtest/speedtest/createState.html","type":"method","overriddenDepth":1,"packageName":"androidproject","enclosedBy":{"name":"speedtest","type":"class"}},{"name":"speedtest","qualifiedName":"speedtest.speedtest.speedtest","href":"screens_speedtest/speedtest/speedtest.html","type":"constructor","overriddenDepth":0,"packageName":"androidproject","enclosedBy":{"name":"speedtest","type":"class"}}]
